{"cameraMode":{"drawMode":0,"name":"Shaded","section":"Shading Mode"},"sceneLighting":true,"audioPlay":false,"sceneViewState":{"m_AlwaysRefresh":false,"showFog":true,"showSkybox":true,"showFlares":true,"showImageEffects":true,"showParticleSystems":true,"showVisualEffectGraphs":true,"m_FxEnabled":true},"in2DMode":false,"pivot":{"x":-12.365857124328614,"y":-1.0236380100250245,"z":12.359044075012207},"rotation":{"x":-0.04990629851818085,"y":-0.9500929713249207,"z":0.21685092151165009,"w":-0.21865718066692353},"size":3.5708184242248537,"orthographic":false}